[
  [
    {
      "datetime": "2025-05-07T03:00:00Z",
      "t": 29,
      "tcc": 81,
      "tp": 0,
      "weather": 2,
      "weather_desc": "Cerah Berawan",
      "weather_desc_en": "Partly Cloudy",
      "wd_deg": 264,
      "wd": "SW",
      "wd_to": "NE",
      "ws": 4.1,
      "hu": 71,
      "vs": 36918,
      "vs_text": "> 10 km",
      "time_index": "2-3",
      "analysis_date": "2025-05-07T00:00:00",
      "image": "https://api-apps.bmkg.go.id/storage/icon/cuaca/cerah berawan-am.svg",
      "utc_datetime": "2025-05-07 03:00:00",
      "local_datetime": "2025-05-07 10:00:00"
    },
    {
      "datetime": "2025-05-07T06:00:00Z",
      "t": 29,
      "tcc": 49,
      "tp": 0,
      "weather": 1,
      "weather_desc": "Cerah",
      "weather_desc_en": "Sunny",
      "wd_deg": 238,
      "wd": "SW",
      "wd_to": "NE",
      "ws": 7,
      "hu": 74,
      "vs": 33017,
      "vs_text": "> 10 km",
      "time_index": "5-6",
      "analysis_date": "2025-05-07T00:00:00",
      "image": "https://api-apps.bmkg.go.id/storage/icon/cuaca/cerah-am.svg",
      "utc_datetime": "2025-05-07 06:00:00",
      "local_datetime": "2025-05-07 13:00:00"
    },
    {
      "datetime": "2025-05-07T09:00:00Z",
      "t": 28,
      "tcc": 62,
      "tp": 0,
      "weather": 2,
      "weather_desc": "Cerah Berawan",
      "weather_desc_en": "Partly Cloudy",
      "wd_deg": 238,
      "wd": "SW",
      "wd_to": "NE",
      "ws": 3.5,
      "hu": 79,
      "vs": 37296,
      "vs_text": "> 10 km",
      "time_index": "8-9",
      "analysis_date": "2025-05-07T00:00:00",
      "image": "https://api-apps.bmkg.go.id/storage/icon/cuaca/cerah berawan-am.svg",
      "utc_datetime": "2025-05-07 09:00:00",
      "local_datetime": "2025-05-07 16:00:00"
    },
    {
      "datetime": "2025-05-07T12:00:00Z",
      "t": 26,
      "tcc": 99,
      "tp": 0,
      "weather": 3,
      "weather_desc": "Berawan",
      "weather_desc_en": "Mostly Cloudy",
      "wd_deg": 80,
      "wd": "NE",
      "wd_to": "SW",
      "ws": 1.9,
      "hu": 86,
      "vs": 27099,
      "vs_text": "> 10 km",
      "time_index": "11-12",
      "analysis_date": "2025-05-07T00:00:00",
      "image": "https://api-apps.bmkg.go.id/storage/icon/cuaca/berawan-pm.svg",
      "utc_datetime": "2025-05-07 12:00:00",
      "local_datetime": "2025-05-07 19:00:00"
    },
    {
      "datetime": "2025-05-07T15:00:00Z",
      "t": 23,
      "tcc": 55,
      "tp": 0,
      "weather": 1,
      "weather_desc": "Cerah",
      "weather_desc_en": "Sunny",
      "wd_deg": 58,
      "wd": "NE",
      "wd_to": "SW",
      "ws": 3.4,
      "hu": 85,
      "vs": 19158,
      "vs_text": "> 10 km",
      "time_index": "14-15",
      "analysis_date": "2025-05-07T00:00:00",
      "image": "https://api-apps.bmkg.go.id/storage/icon/cuaca/cerah-pm.svg",
      "utc_datetime": "2025-05-07 15:00:00",
      "local_datetime": "2025-05-07 22:00:00"
    }
  ],
  [
    {
      "datetime": "2025-05-07T18:00:00Z",
      "t": 22,
      "tcc": 98,
      "tp": 0.1,
      "weather": 10,
      "weather_desc": "Udara Kabur",
      "weather_desc_en": "Mist/Haze",
      "wd_deg": 63,
      "wd": "NE",
      "wd_to": "SW",
      "ws": 6.4,
      "hu": 81,
      "vs": 1668,
      "vs_text": "< 2 km",
      "time_index": "17-18",
      "analysis_date": "2025-05-07T00:00:00",
      "image": "https://api-apps.bmkg.go.id/storage/icon/cuaca/udara kabur.svg",
      "utc_datetime": "2025-05-07 18:00:00",
      "local_datetime": "2025-05-08 01:00:00"
    },
    {
      "datetime": "2025-05-07T21:00:00Z",
      "t": 22,
      "tcc": 79,
      "tp": 0,
      "weather": 10,
      "weather_desc": "Udara Kabur",
      "weather_desc_en": "Mist/Haze",
      "wd_deg": 56,
      "wd": "NE",
      "wd_to": "SW",
      "ws": 5.2,
      "hu": 78,
      "vs": 1817,
      "vs_text": "< 2 km",
      "time_index": "20-21",
      "analysis_date": "2025-05-07T00:00:00",
      "image": "https://api-apps.bmkg.go.id/storage/icon/cuaca/udara kabur.svg",
      "utc_datetime": "2025-05-07 21:00:00",
      "local_datetime": "2025-05-08 04:00:00"
    },
    {
      "datetime": "2025-05-08T00:00:00Z",
      "t": 26,
      "tcc": 40,
      "tp": 0,
      "weather": 1,
      "weather_desc": "Cerah",
      "weather_desc_en": "Sunny",
      "wd_deg": 65,
      "wd": "NE",
      "wd_to": "SW",
      "ws": 2.9,
      "hu": 74,
      "vs": 9987,
      "vs_text": "< 10 km",
      "time_index": "23-24",
      "analysis_date": "2025-05-07T00:00:00",
      "image": "https://api-apps.bmkg.go.id/storage/icon/cuaca/cerah-am.svg",
      "utc_datetime": "2025-05-08 00:00:00",
      "local_datetime": "2025-05-08 07:00:00"
    },
    {
      "datetime": "2025-05-08T03:00:00Z",
      "t": 29,
      "tcc": 38,
      "tp": 0,
      "weather": 1,
      "weather_desc": "Cerah",
      "weather_desc_en": "Sunny",
      "wd_deg": 242,
      "wd": "SW",
      "wd_to": "NE",
      "ws": 4.4,
      "hu": 73,
      "vs": 33957,
      "vs_text": "> 10 km",
      "time_index": "26-27",
      "analysis_date": "2025-05-07T00:00:00",
      "image": "https://api-apps.bmkg.go.id/storage/icon/cuaca/cerah-am.svg",
      "utc_datetime": "2025-05-08 03:00:00",
      "local_datetime": "2025-05-08 10:00:00"
    },
    {
      "datetime": "2025-05-08T06:00:00Z",
      "t": 28,
      "tcc": 53,
      "tp": 0.1,
      "weather": 1,
      "weather_desc": "Cerah",
      "weather_desc_en": "Sunny",
      "wd_deg": 267,
      "wd": "SW",
      "wd_to": "NE",
      "ws": 4.7,
      "hu": 79,
      "vs": 31701,
      "vs_text": "> 10 km",
      "time_index": "29-30",
      "analysis_date": "2025-05-07T00:00:00",
      "image": "https://api-apps.bmkg.go.id/storage/icon/cuaca/cerah-am.svg",
      "utc_datetime": "2025-05-08 06:00:00",
      "local_datetime": "2025-05-08 13:00:00"
    },
    {
      "datetime": "2025-05-08T09:00:00Z",
      "t": 27,
      "tcc": 100,
      "tp": 0.3,
      "weather": 3,
      "weather_desc": "Berawan",
      "weather_desc_en": "Mostly Cloudy",
      "wd_deg": 269,
      "wd": "SW",
      "wd_to": "NE",
      "ws": 5.3,
      "hu": 84,
      "vs": 20794,
      "vs_text": "> 10 km",
      "time_index": "32-33",
      "analysis_date": "2025-05-07T00:00:00",
      "image": "https://api-apps.bmkg.go.id/storage/icon/cuaca/berawan-am.svg",
      "utc_datetime": "2025-05-08 09:00:00",
      "local_datetime": "2025-05-08 16:00:00"
    },
    {
      "datetime": "2025-05-08T12:00:00Z",
      "t": 24,
      "tcc": 61,
      "tp": 0,
      "weather": 2,
      "weather_desc": "Cerah Berawan",
      "weather_desc_en": "Partly Cloudy",
      "wd_deg": 55,
      "wd": "NE",
      "wd_to": "SW",
      "ws": 4.7,
      "hu": 94,
      "vs": 9320,
      "vs_text": "< 10 km",
      "time_index": "35-36",
      "analysis_date": "2025-05-07T00:00:00",
      "image": "https://api-apps.bmkg.go.id/storage/icon/cuaca/cerah berawan-pm.svg",
      "utc_datetime": "2025-05-08 12:00:00",
      "local_datetime": "2025-05-08 19:00:00"
    },
    {
      "datetime": "2025-05-08T15:00:00Z",
      "t": 23,
      "tcc": 95,
      "tp": 0,
      "weather": 3,
      "weather_desc": "Berawan",
      "weather_desc_en": "Mostly Cloudy",
      "wd_deg": 66,
      "wd": "NE",
      "wd_to": "SW",
      "ws": 5,
      "hu": 91,
      "vs": 18795,
      "vs_text": "> 10 km",
      "time_index": "38-39",
      "analysis_date": "2025-05-07T00:00:00",
      "image": "https://api-apps.bmkg.go.id/storage/icon/cuaca/berawan-pm.svg",
      "utc_datetime": "2025-05-08 15:00:00",
      "local_datetime": "2025-05-08 22:00:00"
    }
  ],
  [
    {
      "datetime": "2025-05-08T18:00:00Z",
      "t": 22,
      "tcc": 99,
      "tp": 0.1,
      "weather": 10,
      "weather_desc": "Udara Kabur",
      "weather_desc_en": "Mist/Haze",
      "wd_deg": 67,
      "wd": "NE",
      "wd_to": "SW",
      "ws": 2.9,
      "hu": 90,
      "vs": 2292,
      "vs_text": "< 3 km",
      "time_index": "41-42",
      "analysis_date": "2025-05-07T00:00:00",
      "image": "https://api-apps.bmkg.go.id/storage/icon/cuaca/udara kabur.svg",
      "utc_datetime": "2025-05-08 18:00:00",
      "local_datetime": "2025-05-09 01:00:00"
    },
    {
      "datetime": "2025-05-08T21:00:00Z",
      "t": 22,
      "tcc": 95,
      "tp": 0,
      "weather": 3,
      "weather_desc": "Berawan",
      "weather_desc_en": "Mostly Cloudy",
      "wd_deg": 70,
      "wd": "NE",
      "wd_to": "SW",
      "ws": 4.2,
      "hu": 90,
      "vs": 14520,
      "vs_text": "> 10 km",
      "time_index": "44-45",
      "analysis_date": "2025-05-07T00:00:00",
      "image": "https://api-apps.bmkg.go.id/storage/icon/cuaca/berawan-pm.svg",
      "utc_datetime": "2025-05-08 21:00:00",
      "local_datetime": "2025-05-09 04:00:00"
    },
    {
      "datetime": "2025-05-09T00:00:00Z",
      "t": 26,
      "tcc": 86,
      "tp": 0,
      "weather": 2,
      "weather_desc": "Cerah Berawan",
      "weather_desc_en": "Partly Cloudy",
      "wd_deg": 69,
      "wd": "NE",
      "wd_to": "SW",
      "ws": 3,
      "hu": 80,
      "vs": 9999,
      "vs_text": "< 10 km",
      "time_index": "47-48",
      "analysis_date": "2025-05-07T00:00:00",
      "image": "https://api-apps.bmkg.go.id/storage/icon/cuaca/cerah berawan-am.svg",
      "utc_datetime": "2025-05-09 00:00:00",
      "local_datetime": "2025-05-09 07:00:00"
    },
    {
      "datetime": "2025-05-09T03:00:00Z",
      "t": 29,
      "tcc": 65,
      "tp": 0,
      "weather": 2,
      "weather_desc": "Cerah Berawan",
      "weather_desc_en": "Partly Cloudy",
      "wd_deg": 242,
      "wd": "SW",
      "wd_to": "NE",
      "ws": 4.6,
      "hu": 74,
      "vs": 9998,
      "vs_text": "< 10 km",
      "time_index": "50-51",
      "analysis_date": "2025-05-07T00:00:00",
      "image": "https://api-apps.bmkg.go.id/storage/icon/cuaca/cerah berawan-am.svg",
      "utc_datetime": "2025-05-09 03:00:00",
      "local_datetime": "2025-05-09 10:00:00"
    },
    {
      "datetime": "2025-05-09T06:00:00Z",
      "t": 27,
      "tcc": 57,
      "tp": 0.2,
      "weather": 1,
      "weather_desc": "Cerah",
      "weather_desc_en": "Sunny",
      "wd_deg": 242,
      "wd": "SW",
      "wd_to": "NE",
      "ws": 4.6,
      "hu": 83,
      "vs": 9998,
      "vs_text": "< 10 km",
      "time_index": "53-54",
      "analysis_date": "2025-05-07T00:00:00",
      "image": "https://api-apps.bmkg.go.id/storage/icon/cuaca/cerah-am.svg",
      "utc_datetime": "2025-05-09 06:00:00",
      "local_datetime": "2025-05-09 13:00:00"
    },
    {
      "datetime": "2025-05-09T09:00:00Z",
      "t": 27,
      "tcc": 82,
      "tp": 0.2,
      "weather": 2,
      "weather_desc": "Cerah Berawan",
      "weather_desc_en": "Partly Cloudy",
      "wd_deg": 69,
      "wd": "NE",
      "wd_to": "SW",
      "ws": 4.4,
      "hu": 84,
      "vs": 9510,
      "vs_text": "< 10 km",
      "time_index": "56-57",
      "analysis_date": "2025-05-07T00:00:00",
      "image": "https://api-apps.bmkg.go.id/storage/icon/cuaca/cerah berawan-am.svg",
      "utc_datetime": "2025-05-09 09:00:00",
      "local_datetime": "2025-05-09 16:00:00"
    },
    {
      "datetime": "2025-05-09T12:00:00Z",
      "t": 25,
      "tcc": 100,
      "tp": 0,
      "weather": 3,
      "weather_desc": "Berawan",
      "weather_desc_en": "Mostly Cloudy",
      "wd_deg": 69,
      "wd": "NE",
      "wd_to": "SW",
      "ws": 4.4,
      "hu": 90,
      "vs": 9510,
      "vs_text": "< 10 km",
      "time_index": "59-60",
      "analysis_date": "2025-05-07T00:00:00",
      "image": "https://api-apps.bmkg.go.id/storage/icon/cuaca/berawan-pm.svg",
      "utc_datetime": "2025-05-09 12:00:00",
      "local_datetime": "2025-05-09 19:00:00"
    },
    {
      "datetime": "2025-05-09T15:00:00Z",
      "t": 23,
      "tcc": 100,
      "tp": 0,
      "weather": 3,
      "weather_desc": "Berawan",
      "weather_desc_en": "Mostly Cloudy",
      "wd_deg": 67,
      "wd": "NE",
      "wd_to": "SW",
      "ws": 1.9,
      "hu": 89,
      "vs": 8949,
      "vs_text": "< 9 km",
      "time_index": "62-63",
      "analysis_date": "2025-05-07T00:00:00",
      "image": "https://api-apps.bmkg.go.id/storage/icon/cuaca/berawan-pm.svg",
      "utc_datetime": "2025-05-09 15:00:00",
      "local_datetime": "2025-05-09 22:00:00"
    }
  ]
]